-- phpMyAdmin SQL Dump
-- version 5.2.1
-- https://www.phpmyadmin.net/
--
-- Máy chủ: 127.0.0.1
-- Thời gian đã tạo: Th9 25, 2023 lúc 01:44 PM
-- Phiên bản máy phục vụ: 10.4.28-MariaDB
-- Phiên bản PHP: 8.2.4

SET SQL_MODE = "NO_AUTO_VALUE_ON_ZERO";
START TRANSACTION;
SET time_zone = "+00:00";


/*!40101 SET @OLD_CHARACTER_SET_CLIENT=@@CHARACTER_SET_CLIENT */;
/*!40101 SET @OLD_CHARACTER_SET_RESULTS=@@CHARACTER_SET_RESULTS */;
/*!40101 SET @OLD_COLLATION_CONNECTION=@@COLLATION_CONNECTION */;
/*!40101 SET NAMES utf8mb4 */;

--
-- Cơ sở dữ liệu: `btth01_cse485`
--

-- --------------------------------------------------------

--
-- Cấu trúc bảng cho bảng `baiviet`
--

CREATE TABLE `baiviet` (
  `ma_bviet` int(10) UNSIGNED NOT NULL,
  `tieude` varchar(200) NOT NULL,
  `ten_bhat` varchar(100) NOT NULL,
  `ma_tloai` int(10) UNSIGNED NOT NULL,
  `tomtat` text NOT NULL,
  `noidung` text DEFAULT NULL,
  `ma_tgia` int(10) UNSIGNED NOT NULL,
  `ngayviet` datetime NOT NULL DEFAULT current_timestamp(),
  `hinhanh` varchar(200) DEFAULT NULL
) ENGINE=InnoDB DEFAULT CHARSET=utf8 COLLATE=utf8_unicode_ci;

--
-- Đang đổ dữ liệu cho bảng `baiviet`
--

INSERT INTO `baiviet` (`ma_bviet`, `tieude`, `ten_bhat`, `ma_tloai`, `tomtat`, `noidung`, `ma_tgia`, `ngayviet`, `hinhanh`) VALUES
(1, 'Afghanistan', 'Janaway', 1, 'White-throated toucan', 'Ramphastos tucanus', 1, '0000-00-00 00:00:00', 'data:image/png;base64,iVBORw0KGgoAAAANSUhEUgAAABAAAAAQCAYAAAAf8/9hAAAABGdBTUEAAK/INwWK6QAAABl0RVh0U29mdHdhcmUAQWRvYmUgSW1hZ2VSZWFkeXHJZTwAAADTSURBVDjLY/j//z8DJZhhGBhw8uTJ/5RgsAF//vwhC7948QJhADkGDTEDtp'),
(2, 'Cambodia', 'Salamon', 2, 'Pacific gull', 'Gabianus pacificus', 2, '0000-00-00 00:00:00', 'data:image/png;base64,iVBORw0KGgoAAAANSUhEUgAAABAAAAAQCAYAAAAf8/9hAAAABGdBTUEAAK/INwWK6QAAABl0RVh0U29mdHdhcmUAQWRvYmUgSW1hZ2VSZWFkeXHJZTwAAAJGSURBVDjLzZNvLNRxHMc96qGt5z3uH3FIrEUlItel5VLtbjbcdJhwOBoiRp'),
(3, 'Australia', 'Munkley', 3, 'Pronghorn', 'Antilocapra americana', 3, '0000-00-00 00:00:00', 'data:image/png;base64,iVBORw0KGgoAAAANSUhEUgAAABAAAAAQCAYAAAAf8/9hAAAABGdBTUEAAK/INwWK6QAAABl0RVh0U29mdHdhcmUAQWRvYmUgSW1hZ2VSZWFkeXHJZTwAAAG1SURBVBgZpcG/S9RxHMfx5+dz3+LKsKxBC4KQXIvArYb+BQmuIYgGoaBJiA'),
(4, 'Afghanistan', 'Ybarra', 4, 'Dingo', 'Canis dingo', 4, '0000-00-00 00:00:00', 'data:image/png;base64,iVBORw0KGgoAAAANSUhEUgAAABAAAAAQCAYAAAAf8/9hAAAABGdBTUEAAK/INwWK6QAAABl0RVh0U29mdHdhcmUAQWRvYmUgSW1hZ2VSZWFkeXHJZTwAAAHySURBVDjLtZPvT1JxFMb5O/gHskVzrrV+mFZomDdEDGkYKSXlRleY6IzcFd'),
(5, 'Afghanistan', 'Staley', 5, 'Monkey, vervet', 'Cercopithecus aethiops', 5, '0000-00-00 00:00:00', 'data:image/png;base64,iVBORw0KGgoAAAANSUhEUgAAABAAAAAQCAYAAAAf8/9hAAAABGdBTUEAAK/INwWK6QAAABl0RVh0U29mdHdhcmUAQWRvYmUgSW1hZ2VSZWFkeXHJZTwAAAJ7SURBVDjLpVNLSFRRGP7u3Dt3JnMsdcAeNjrgAyoqWiQUZBYi6aYiFbEWbd'),
(6, 'Afghanistan', 'Claris', 6, 'Serval', 'Felis serval', 6, '0000-00-00 00:00:00', 'data:image/png;base64,iVBORw0KGgoAAAANSUhEUgAAABAAAAAQCAYAAAAf8/9hAAAABGdBTUEAAK/INwWK6QAAABl0RVh0U29mdHdhcmUAQWRvYmUgSW1hZ2VSZWFkeXHJZTwAAAGeSURBVDjLvZPPK4NxHMe/F4dFymE8hx2YpEn+gWcHR20au4gdbCcnu3l6Tq'),
(7, 'Afghanistan', 'Napolione', 7, 'American Virginia opossum', 'Didelphis virginiana', 7, '0000-00-00 00:00:00', 'data:image/png;base64,iVBORw0KGgoAAAANSUhEUgAAABAAAAAQCAYAAAAf8/9hAAAABGdBTUEAAK/INwWK6QAAABl0RVh0U29mdHdhcmUAQWRvYmUgSW1hZ2VSZWFkeXHJZTwAAAG8SURBVDjLjZNJS8NAGIarv0PBuzcV/4MHwYMHL/4CPQsexYvoSW2RioiguJ'),
(8, 'Afghanistan', 'Furminger', 8, 'Australian spiny anteater', 'Tachyglossus aculeatus', 8, '0000-00-00 00:00:00', 'data:image/png;base64,iVBORw0KGgoAAAANSUhEUgAAABAAAAAQCAYAAAAf8/9hAAAABGdBTUEAAK/INwWK6QAAABl0RVh0U29mdHdhcmUAQWRvYmUgSW1hZ2VSZWFkeXHJZTwAAAJQSURBVDjLjZNvSBNxGMeX9O+FOAkaLbehozdGRGiMQqTIlEqJMIig3oxl0Y'),
(9, 'Bangladesh', 'Barnsley', 9, 'Curve-billed thrasher', 'Toxostoma curvirostre', 9, '0000-00-00 00:00:00', 'data:image/png;base64,iVBORw0KGgoAAAANSUhEUgAAABAAAAAQCAYAAAAf8/9hAAAABGdBTUEAAK/INwWK6QAAABl0RVh0U29mdHdhcmUAQWRvYmUgSW1hZ2VSZWFkeXHJZTwAAAJCSURBVBgZBcFBi1VlGADg5/3Od+/cYWjUTYlRS43Zi1BGuGlVizZB0EJaFf'),
(10, 'Afghanistan', 'Tasker', 10, 'Shrike, crimson-breasted', 'Laniaurius atrococcineus', 10, '0000-00-00 00:00:00', 'data:image/png;base64,iVBORw0KGgoAAAANSUhEUgAAABAAAAAQCAYAAAAf8/9hAAAABGdBTUEAAK/INwWK6QAAABl0RVh0U29mdHdhcmUAQWRvYmUgSW1hZ2VSZWFkeXHJZTwAAAJUSURBVDjLpZNbaJJhHMZHUES51SoiqssWm5SMQekoFwvnYR4RP02dh/yMMh');

-- --------------------------------------------------------

--
-- Cấu trúc bảng cho bảng `tacgia`
--

CREATE TABLE `tacgia` (
  `ma_tgia` int(10) UNSIGNED NOT NULL,
  `ten_tgia` varchar(100) NOT NULL,
  `hinh_tgia` varchar(100) DEFAULT NULL
) ENGINE=InnoDB DEFAULT CHARSET=utf8 COLLATE=utf8_unicode_ci;

--
-- Đang đổ dữ liệu cho bảng `tacgia`
--

INSERT INTO `tacgia` (`ma_tgia`, `ten_tgia`, `hinh_tgia`) VALUES
(1, 'htomini0', 'data:image/png;base64,iVBORw0KGgoAAAANSUhEUgAAABAAAAAQCAYAAAAf8/9hAAAABGdBTUEAAK/INwWK6QAAABl0RVh0U2'),
(2, 'faudritt1', 'data:image/png;base64,iVBORw0KGgoAAAANSUhEUgAAABAAAAAQCAYAAAAf8/9hAAAABGdBTUEAAK/INwWK6QAAABl0RVh0U2'),
(3, 'gryson2', 'data:image/png;base64,iVBORw0KGgoAAAANSUhEUgAAABAAAAAQCAYAAAAf8/9hAAAABGdBTUEAAK/INwWK6QAAABl0RVh0U2'),
(4, 'alogsdail3', 'data:image/png;base64,iVBORw0KGgoAAAANSUhEUgAAABAAAAAQCAYAAAAf8/9hAAAABGdBTUEAAK/INwWK6QAAABl0RVh0U2'),
(5, 'adacres4', 'data:image/png;base64,iVBORw0KGgoAAAANSUhEUgAAABAAAAAQCAYAAAAf8/9hAAAABGdBTUEAAK/INwWK6QAAABl0RVh0U2'),
(6, 'mmessenger5', 'data:image/png;base64,iVBORw0KGgoAAAANSUhEUgAAABAAAAAQCAYAAAAf8/9hAAAABGdBTUEAAK/INwWK6QAAABl0RVh0U2'),
(7, 'ckinig6', 'data:image/png;base64,iVBORw0KGgoAAAANSUhEUgAAABAAAAAQCAQAAAC1+jfqAAAABGdBTUEAAK/INwWK6QAAABl0RVh0U2'),
(8, 'sburrell7', 'data:image/png;base64,iVBORw0KGgoAAAANSUhEUgAAABAAAAAQCAYAAAAf8/9hAAAABGdBTUEAAK/INwWK6QAAABl0RVh0U2'),
(9, 'srowdell8', 'data:image/png;base64,iVBORw0KGgoAAAANSUhEUgAAABAAAAAQCAYAAAAf8/9hAAAABGdBTUEAAK/INwWK6QAAABl0RVh0U2'),
(10, 'rlongshaw9', 'data:image/png;base64,iVBORw0KGgoAAAANSUhEUgAAABAAAAAQCAYAAAAf8/9hAAAABGdBTUEAAK/INwWK6QAAABl0RVh0U2');

-- --------------------------------------------------------

--
-- Cấu trúc bảng cho bảng `theloai`
--

CREATE TABLE `theloai` (
  `ma_tloai` int(10) UNSIGNED NOT NULL,
  `ten_tloai` varchar(50) NOT NULL
) ENGINE=InnoDB DEFAULT CHARSET=utf8 COLLATE=utf8_unicode_ci;

--
-- Đang đổ dữ liệu cho bảng `theloai`
--

INSERT INTO `theloai` (`ma_tloai`, `ten_tloai`) VALUES
(1, 'tslowgrove0'),
(2, 'dfandrich1'),
(3, 'sgravie2'),
(4, 'hbrandone3'),
(5, 'jwestcar4'),
(6, 'rtregale5'),
(7, 'celcott6'),
(8, 'jparsonson7'),
(9, 'dknight8'),
(10, 'swaltering9');

--
-- Chỉ mục cho các bảng đã đổ
--

--
-- Chỉ mục cho bảng `baiviet`
--
ALTER TABLE `baiviet`
  ADD PRIMARY KEY (`ma_bviet`),
  ADD KEY `ma_tloai` (`ma_tloai`),
  ADD KEY `ma_tgia` (`ma_tgia`);

--
-- Chỉ mục cho bảng `tacgia`
--
ALTER TABLE `tacgia`
  ADD PRIMARY KEY (`ma_tgia`);

--
-- Chỉ mục cho bảng `theloai`
--
ALTER TABLE `theloai`
  ADD PRIMARY KEY (`ma_tloai`);

--
-- Các ràng buộc cho các bảng đã đổ
--

--
-- Các ràng buộc cho bảng `baiviet`
--
ALTER TABLE `baiviet`
  ADD CONSTRAINT `baiviet_ibfk_1` FOREIGN KEY (`ma_tloai`) REFERENCES `theloai` (`ma_tloai`),
  ADD CONSTRAINT `baiviet_ibfk_2` FOREIGN KEY (`ma_tgia`) REFERENCES `tacgia` (`ma_tgia`);
COMMIT;

/*!40101 SET CHARACTER_SET_CLIENT=@OLD_CHARACTER_SET_CLIENT */;
/*!40101 SET CHARACTER_SET_RESULTS=@OLD_CHARACTER_SET_RESULTS */;
/*!40101 SET COLLATION_CONNECTION=@OLD_COLLATION_CONNECTION */;
